employee_id,first_name,last_name,email,job_title,department,hire_date,salary,manager_id
1,Falkner,Scothorn,fscothorn0@chicagotribune.com,Actuary,Legal,9/28/2024,113963,690
2,Gillan,Kesley,gkesley1@salon.com,Systems Administrator II,Engineering,8/28/2025,330145,624
3,Efren,Whewill,ewhewill2@businessinsider.com,Design Engineer,Sales,4/29/2025,806235,287
4,Linnie,Studeart,lstudeart3@csmonitor.com,Geological Engineer,Business Development,9/14/2025,884358,459
5,Roddie,Amthor,ramthor4@reverbnation.com,Research Assistant I,Product Management,12/30/2024,645338,870
6,Madalena,Donnel,mdonnel5@uol.com.br,Structural Analysis Engineer,Human Resources,2/4/2025,132341,177
7,Aloysia,Darcey,adarcey6@google.ca,Nurse,Support,10/6/2024,722088,32
8,Keefe,Tremathick,ktremathick7@youtu.be,Information Systems Manager,Services,12/24/2024,838116,834
9,Clarita,Fay,cfay8@instagram.com,VP Product Management,Legal,2/21/2025,380665,44
10,Zsazsa,Tregea,ztregea9@fema.gov,Recruiter,Business Development,4/21/2025,715845,294
11,Kin,Di Baudi,kdibaudia@nytimes.com,Programmer Analyst IV,Sales,6/6/2025,365742,403
12,Cirillo,Cronk,ccronkb@nba.com,Administrative Officer,Research and Development,6/10/2025,952169,823
13,Ivette,MacMillan,imacmillanc@goo.ne.jp,Structural Engineer,Business Development,1/26/2025,889709,400
14,Tony,Reynard,treynardd@house.gov,Senior Financial Analyst,Product Management,5/13/2025,458753,948
15,Charlene,Shortell,cshortelle@unblog.fr,Financial Advisor,Research and Development,2/1/2025,534905,249
16,Fidelia,Saffill,fsaffillf@irs.gov,Chief Design Engineer,Training,11/20/2024,927203,33
17,Nicoli,Sybe,nsybeg@addthis.com,VP Sales,Engineering,6/20/2025,556205,934
18,Ami,Hadcock,ahadcockh@google.fr,Information Systems Manager,Human Resources,11/28/2024,899916,84
19,Celisse,Shirley,cshirleyi@sakura.ne.jp,Junior Executive,Business Development,8/29/2025,662558,439
20,Josee,Shipley,jshipleyj@infoseek.co.jp,Senior Sales Associate,Product Management,6/24/2025,408536,817
21,Nolie,Heminsley,nheminsleyk@fotki.com,Quality Control Specialist,Marketing,2/13/2025,714165,517
22,Marvin,Stuck,mstuckl@msn.com,Nuclear Power Engineer,Sales,12/28/2024,562793,744
23,Merv,Shimoni,mshimonim@omniture.com,Mechanical Systems Engineer,Research and Development,9/11/2025,646123,771
24,Wildon,Atling,watlingn@bbc.co.uk,Physical Therapy Assistant,Business Development,2/16/2025,39284,966
25,Rosabelle,Langran,rlangrano@acquirethisname.com,Marketing Assistant,Product Management,10/2/2024,39317,232
26,Tallie,Murcott,tmurcottp@jalbum.net,Senior Financial Analyst,Marketing,8/8/2025,396534,205
27,Jake,Dedman,jdedmanq@amazon.de,General Manager,Research and Development,8/22/2025,942151,24
28,Banky,Sacaze,bsacazer@latimes.com,Assistant Media Planner,Business Development,1/30/2025,252826,318
29,Pierette,Ropars,proparss@imdb.com,VP Marketing,Product Management,11/9/2024,436635,747
30,Ricca,Di Biagi,rdibiagit@ucla.edu,Dental Hygienist,Product Management,5/3/2025,66335,59
31,Drusilla,Shutt,dshuttu@nasa.gov,Web Designer II,Engineering,10/13/2024,660406,927
32,Grissel,Luberti,glubertiv@imdb.com,Executive Secretary,Marketing,11/21/2024,628060,183
33,Ode,Hutchins,ohutchinsw@mapquest.com,Human Resources Assistant II,Accounting,1/21/2025,205711,915
34,Delaney,Sciacovelli,dsciacovellix@house.gov,Database Administrator II,Services,4/16/2025,769540,331
35,Jemmy,Berney,jberneyy@whitehouse.gov,VP Sales,Product Management,6/10/2025,27280,544
36,Ginevra,Bellworthy,gbellworthyz@nhs.uk,Computer Systems Analyst III,Human Resources,6/9/2025,808612,123
37,Salomi,Noorwood,snoorwood10@japanpost.jp,Senior Financial Analyst,Legal,1/31/2025,743783,854
38,Robinia,Gillooly,rgillooly11@booking.com,Speech Pathologist,Human Resources,1/15/2025,382343,177
39,Correy,Kretschmer,ckretschmer12@livejournal.com,Database Administrator III,Legal,5/6/2025,69871,518
40,Jermain,Standon,jstandon13@odnoklassniki.ru,Desktop Support Technician,Business Development,8/6/2025,632568,443
41,Maighdiln,Briar,mbriar14@wired.com,Database Administrator III,Business Development,10/7/2024,954250,577
42,Tibold,Monkton,tmonkton15@altervista.org,Research Nurse,Training,10/10/2024,747485,778
43,Faydra,Oulett,foulett16@unesco.org,Senior Sales Associate,Product Management,8/22/2025,276817,560
44,Jonas,Guiraud,jguiraud17@merriam-webster.com,Actuary,Support,3/8/2025,667113,282
45,Randolf,O' Molan,romolan18@live.com,Nuclear Power Engineer,Accounting,12/19/2024,523864,65
46,Elicia,Corran,ecorran19@nature.com,GIS Technical Architect,Product Management,5/7/2025,585764,258
47,Hunfredo,Chevis,hchevis1a@ucsd.edu,Internal Auditor,Sales,4/3/2025,907122,647
48,Catharina,McAline,cmcaline1b@mit.edu,Senior Editor,Support,1/30/2025,123554,739
49,Ike,Kislingbury,ikislingbury1c@soup.io,Budget/Accounting Analyst II,Support,5/8/2025,141040,286
50,Ike,Schohier,ischohier1d@army.mil,Electrical Engineer,Services,6/22/2025,113453,343
51,Murdock,Risbie,mrisbie1e@yahoo.com,Accounting Assistant II,Research and Development,11/20/2024,373737,624
52,Miquela,Edgeworth,medgeworth1f@npr.org,Compensation Analyst,Legal,2/19/2025,326900,791
53,Meredeth,Daggett,mdaggett1g@princeton.edu,Senior Developer,Accounting,2/25/2025,292420,348
54,Graeme,Coetzee,gcoetzee1h@dion.ne.jp,Compensation Analyst,Accounting,6/8/2025,201515,781
55,Hieronymus,Halpin,hhalpin1i@wix.com,Software Consultant,Accounting,1/28/2025,413249,10
56,Sherie,Saggers,ssaggers1j@shop-pro.jp,Research Nurse,Training,6/24/2025,545505,357
57,Rani,Wetherhead,rwetherhead1k@jiathis.com,Analog Circuit Design manager,Research and Development,7/22/2025,284167,253
58,Leticia,Heditch,lheditch1l@mashable.com,Assistant Manager,Accounting,1/7/2025,102202,301
59,Rosy,Angrave,rangrave1m@merriam-webster.com,Chemical Engineer,Product Management,6/8/2025,953446,285
60,Brewer,Penella,bpenella1n@si.edu,Assistant Manager,Business Development,1/18/2025,307803,694
61,Winfield,Limbourne,wlimbourne1o@merriam-webster.com,Marketing Assistant,Product Management,3/10/2025,896009,200
62,Geneva,Duchart,gduchart1p@nifty.com,Nurse Practicioner,Accounting,1/9/2025,808277,347
63,Carrol,Derrington,cderrington1q@go.com,Accounting Assistant I,Engineering,9/7/2025,538424,72
64,Nerissa,Gallemore,ngallemore1r@cafepress.com,Account Executive,Human Resources,8/16/2025,25832,68
65,Doyle,Manneville,dmanneville1s@goo.gl,Physical Therapy Assistant,Legal,1/12/2025,628554,828
66,Francisca,Le Brun,flebrun1t@lulu.com,Programmer Analyst I,Research and Development,3/5/2025,70195,22
67,Rianon,Twiddy,rtwiddy1u@samsung.com,Analyst Programmer,Training,7/2/2025,624668,404
68,Genny,Chettle,gchettle1v@yahoo.com,Systems Administrator IV,Engineering,12/4/2024,827881,30
69,Olympe,Camillo,ocamillo1w@cocolog-nifty.com,Compensation Analyst,Engineering,4/2/2025,292163,856
70,Carolann,Scholar,cscholar1x@discovery.com,Graphic Designer,Product Management,12/11/2024,735951,950
71,Sara-ann,Mackie,smackie1y@nih.gov,Geological Engineer,Business Development,3/26/2025,369426,336
72,Linn,Twinterman,ltwinterman1z@house.gov,Developer II,Engineering,8/14/2025,405423,935
73,Daisey,Nussgen,dnussgen20@dell.com,Information Systems Manager,Support,8/8/2025,405785,699
74,Evanne,Tesdale,etesdale21@moonfruit.com,Administrative Assistant II,Support,3/30/2025,138276,734
75,Ephrayim,Ellerker,eellerker22@yandex.ru,Assistant Media Planner,Legal,9/18/2025,803265,850
76,Cyb,Eldin,celdin23@dmoz.org,Pharmacist,Research and Development,3/11/2025,824273,988
77,Griff,Winspurr,gwinspurr24@webnode.com,Help Desk Operator,Business Development,9/10/2025,311450,123
78,Northrup,Brittain,nbrittain25@google.com.br,Administrative Officer,Legal,3/17/2025,622314,590
79,Noelyn,Beckensall,nbeckensall26@fotki.com,Executive Secretary,Services,4/13/2025,123379,112
80,Doralynn,Hellard,dhellard27@gnu.org,Senior Quality Engineer,Product Management,10/3/2024,975316,349
81,Tana,Feye,tfeye28@time.com,Statistician IV,Support,2/7/2025,8148,838
82,Welsh,Shafto,wshafto29@globo.com,Electrical Engineer,Human Resources,4/22/2025,72761,261
83,Ange,Winkell,awinkell2a@marriott.com,Biostatistician II,Training,11/17/2024,929368,655
84,Sukey,Robatham,srobatham2b@economist.com,Financial Analyst,Research and Development,7/3/2025,630680,769
85,Marnia,Philippe,mphilippe2c@imdb.com,Assistant Media Planner,Services,7/21/2025,783741,206
86,Josselyn,Arundell,jarundell2d@uol.com.br,Environmental Specialist,Human Resources,6/21/2025,237357,369
87,Ken,Straker,kstraker2e@ebay.co.uk,Nurse,Research and Development,8/29/2025,332484,952
88,Jerald,Moyse,jmoyse2f@theglobeandmail.com,Assistant Manager,Accounting,2/19/2025,596293,867
89,Tabb,Iliff,tiliff2g@lulu.com,Human Resources Assistant I,Sales,11/19/2024,326909,219
90,Ignazio,Skelhorn,iskelhorn2h@histats.com,Senior Sales Associate,Marketing,11/23/2024,726226,282
91,Elsy,Krolman,ekrolman2i@uol.com.br,Teacher,Services,2/21/2025,262671,341
92,Augustus,Bill,abill2j@telegraph.co.uk,Help Desk Operator,Accounting,12/22/2024,905617,881
93,Kara-lynn,Salery,ksalery2k@wordpress.com,Research Nurse,Accounting,3/25/2025,487951,537
94,Tony,Stickins,tstickins2l@mapquest.com,Human Resources Assistant I,Engineering,5/2/2025,442899,369
95,Tymon,Coleiro,tcoleiro2m@bluehost.com,Data Coordinator,Services,1/18/2025,545292,275
96,Florida,Byrth,fbyrth2n@chronoengine.com,Account Executive,Accounting,2/24/2025,164603,809
97,Donn,Print,dprint2o@wordpress.com,Financial Analyst,Accounting,9/2/2025,823063,962
98,Oliy,Sockell,osockell2p@unesco.org,Sales Associate,Services,3/12/2025,886691,121
99,Thedrick,Dominick,tdominick2q@reference.com,Technical Writer,Services,8/31/2025,980539,767
100,Carole,Buston,cbuston2r@mtv.com,Speech Pathologist,Marketing,10/7/2024,83668,83
101,Asia,Egell,aegell2s@theglobeandmail.com,Systems Administrator IV,Research and Development,6/12/2025,242296,163
102,Brewster,Sayer,bsayer2t@soup.io,Statistician II,Accounting,10/18/2024,726909,984
103,Eddie,Satford,esatford2u@marketwatch.com,Actuary,Services,1/4/2025,771035,134
104,Townie,Annion,tannion2v@loc.gov,Junior Executive,Engineering,1/21/2025,764737,572
105,Michale,Poxon,mpoxon2w@mtv.com,Assistant Media Planner,Marketing,6/19/2025,213336,136
106,Connie,Shevlane,cshevlane2x@shop-pro.jp,Recruiter,Services,4/15/2025,562021,976
107,Goldie,Alenikov,galenikov2y@earthlink.net,Marketing Assistant,Business Development,9/10/2025,647518,445
108,Melantha,Espinos,mespinos2z@google.co.jp,Account Coordinator,Engineering,11/29/2024,555911,886
109,Leontyne,Clohessy,lclohessy30@indiatimes.com,Paralegal,Support,7/23/2025,91962,857
110,Izak,Pinson,ipinson31@squidoo.com,Project Manager,Support,9/20/2025,123473,963
111,Doll,Fawloe,dfawloe32@prlog.org,Cost Accountant,Training,10/19/2024,749900,64
112,Moyra,Ballefant,mballefant33@webs.com,Actuary,Services,8/23/2025,155304,502
113,Norah,Woollends,nwoollends34@sbwire.com,Senior Developer,Engineering,5/21/2025,477617,686
114,Gwenny,Tomley,gtomley35@ebay.com,Director of Sales,Support,12/18/2024,648467,954
115,Pauly,Shapter,pshapter36@addthis.com,Actuary,Services,7/26/2025,414351,79
116,Fayina,Von Der Empten,fvonderempten37@prweb.com,Product Engineer,Human Resources,8/25/2025,537495,887
117,Gwendolyn,Blampey,gblampey38@theglobeandmail.com,Engineer II,Engineering,12/1/2024,952773,866
118,Arron,Lapree,alapree39@plala.or.jp,Senior Quality Engineer,Research and Development,11/30/2024,813331,885
119,Cherice,Trippick,ctrippick3a@yahoo.co.jp,Librarian,Human Resources,9/15/2025,833831,128
120,Darya,Valsler,dvalsler3b@illinois.edu,Marketing Assistant,Training,12/1/2024,604397,729
121,Claretta,Clampe,cclampe3c@is.gd,Human Resources Manager,Sales,11/2/2024,28830,723
122,Clementia,Dowzell,cdowzell3d@redcross.org,Quality Engineer,Engineering,5/24/2025,432124,267
123,Ricard,Scala,rscala3e@nature.com,Database Administrator III,Support,1/12/2025,412300,380
124,Augustina,Langtree,alangtree3f@businesswire.com,Quality Control Specialist,Research and Development,2/8/2025,437589,329
125,Hatty,Escritt,hescritt3g@altervista.org,Budget/Accounting Analyst IV,Product Management,6/12/2025,636482,428
126,Lilli,Cantrill,lcantrill3h@rakuten.co.jp,Assistant Professor,Support,2/10/2025,7147,455
127,Maximilien,Amorine,mamorine3i@mlb.com,Cost Accountant,Support,5/6/2025,65788,300
128,Arabel,Glasard,aglasard3j@tripod.com,Business Systems Development Analyst,Product Management,8/16/2025,194087,237
129,Nancy,Derham,nderham3k@dailymotion.com,Staff Scientist,Sales,12/1/2024,991885,37
130,Suzy,Wagen,swagen3l@soup.io,Analyst Programmer,Legal,1/5/2025,660768,134
131,Marci,Sedger,msedger3m@cyberchimps.com,Business Systems Development Analyst,Marketing,2/3/2025,297193,451
132,Yolanda,Slee,yslee3n@bloomberg.com,Automation Specialist III,Engineering,8/20/2025,666404,386
133,Birgitta,Ralston,bralston3o@tiny.cc,Sales Representative,Training,1/15/2025,289728,221
134,Cathy,Clue,cclue3p@msn.com,Nurse,Product Management,6/21/2025,371017,922
135,Lind,Andreoletti,landreoletti3q@miibeian.gov.cn,Programmer II,Research and Development,1/16/2025,576556,261
136,Demetri,Dallas,ddallas3r@g.co,Quality Engineer,Services,2/26/2025,119243,976
137,Averil,Stopforth,astopforth3s@digg.com,Engineer III,Legal,11/24/2024,230632,315
138,Andras,Chicken,achicken3t@fastcompany.com,Analog Circuit Design manager,Legal,11/11/2024,68150,28
139,Silvana,Merwe,smerwe3u@wikimedia.org,VP Sales,Engineering,1/17/2025,615663,481
140,Doralin,Hannaway,dhannaway3v@yandex.ru,Research Assistant I,Sales,4/4/2025,686120,193
141,Julissa,Ramsbottom,jramsbottom3w@uol.com.br,Help Desk Operator,Product Management,3/6/2025,954722,348
142,Alexandrina,Embury,aembury3x@infoseek.co.jp,Recruiting Manager,Business Development,7/13/2025,633165,987
143,Rickert,Serjeantson,rserjeantson3y@java.com,Chemical Engineer,Human Resources,10/16/2024,86206,537
144,Noll,Kellett,nkellett3z@aboutads.info,Structural Engineer,Product Management,12/1/2024,910889,605
145,Adrienne,Cowsby,acowsby40@cam.ac.uk,Health Coach I,Services,9/18/2025,394091,946
146,Etheline,Oakly,eoakly41@nydailynews.com,General Manager,Product Management,2/18/2025,328519,802
147,Jobye,Chislett,jchislett42@tinypic.com,Senior Developer,Support,7/15/2025,262966,138
148,Desi,Lote,dlote43@cocolog-nifty.com,Geological Engineer,Engineering,3/5/2025,309648,287
149,Sharla,Napleton,snapleton44@dot.gov,Staff Scientist,Legal,1/16/2025,380039,484
150,Godwin,Dreus,gdreus45@storify.com,Assistant Media Planner,Business Development,5/19/2025,514060,383
151,Mabelle,McCourtie,mmccourtie46@artisteer.com,Chief Design Engineer,Marketing,1/24/2025,127664,488
152,Putnem,Speaks,pspeaks47@odnoklassniki.ru,Design Engineer,Services,8/16/2025,561701,76
153,Yolane,Hamprecht,yhamprecht48@wufoo.com,Director of Sales,Human Resources,1/15/2025,349001,618
154,Anny,Moores,amoores49@webmd.com,Biostatistician IV,Human Resources,11/27/2024,902897,81
155,Romona,Kynd,rkynd4a@elpais.com,Administrative Assistant IV,Training,10/23/2024,306932,851
156,Ellyn,Pook,epook4b@oakley.com,Speech Pathologist,Training,12/3/2024,937854,376
157,Ula,Josefsen,ujosefsen4c@naver.com,Registered Nurse,Product Management,6/3/2025,780139,689
158,Cort,Stollen,cstollen4d@flavors.me,Physical Therapy Assistant,Training,10/31/2024,472951,512
159,Janeva,Gidden,jgidden4e@cafepress.com,Desktop Support Technician,Product Management,4/19/2025,112076,419
160,Garreth,Morales,gmorales4f@creativecommons.org,Professor,Business Development,3/24/2025,230026,454
161,Dov,Duignan,dduignan4g@shareasale.com,Financial Advisor,Research and Development,6/29/2025,814713,878
162,Avivah,Gerge,agerge4h@blogger.com,Senior Quality Engineer,Business Development,4/18/2025,623978,341
163,Leonelle,Axston,laxston4i@sourceforge.net,Accounting Assistant II,Marketing,12/23/2024,835351,520
164,Leonora,Halbert,lhalbert4j@squidoo.com,Budget/Accounting Analyst III,Business Development,6/20/2025,727998,8
165,Corri,Murray,cmurray4k@linkedin.com,Analog Circuit Design manager,Services,4/25/2025,758408,417
166,Wash,Shinefield,wshinefield4l@umich.edu,VP Product Management,Services,4/17/2025,132558,215
167,Homerus,Girardot,hgirardot4m@goo.gl,Research Assistant II,Accounting,12/22/2024,184414,446
168,Cornelle,Bakster,cbakster4n@pcworld.com,Environmental Specialist,Accounting,5/4/2025,516925,798
169,Glenda,Treadger,gtreadger4o@hibu.com,Research Assistant I,Sales,11/9/2024,624574,133
170,Mariana,Glandfield,mglandfield4p@cdc.gov,Health Coach III,Engineering,8/2/2025,560477,301
171,Renault,Abba,rabba4q@wordpress.org,Speech Pathologist,Marketing,12/28/2024,276856,710
172,Shalom,Smillie,ssmillie4r@uiuc.edu,Structural Engineer,Services,9/13/2025,39441,376
173,Theo,Cursons,tcursons4s@51.la,Research Assistant IV,Research and Development,8/8/2025,943542,685
174,Chickie,Lorriman,clorriman4t@spotify.com,Librarian,Legal,2/2/2025,376006,467
175,Toni,Edgell,tedgell4u@dion.ne.jp,Biostatistician IV,Research and Development,11/11/2024,656676,290
176,Xenos,Bone,xbone4v@weibo.com,Project Manager,Legal,10/24/2024,717423,568
177,Elfie,Wilmut,ewilmut4w@e-recht24.de,Account Coordinator,Support,12/21/2024,289148,477
178,Matteo,Benduhn,mbenduhn4x@census.gov,Desktop Support Technician,Services,9/29/2024,610912,154
179,Rasla,Beyne,rbeyne4y@plala.or.jp,Director of Sales,Support,6/11/2025,113072,188
180,Lennie,Debill,ldebill4z@tmall.com,Occupational Therapist,Accounting,3/9/2025,22161,388
181,Joanna,Peyro,jpeyro50@smh.com.au,Professor,Research and Development,9/6/2025,458411,531
182,Cyndia,Stuehmeier,cstuehmeier51@scribd.com,Chief Design Engineer,Engineering,9/1/2025,896772,291
183,Jennifer,Stiles,jstiles52@mashable.com,Sales Representative,Human Resources,10/29/2024,184823,347
184,Anya,McLaren,amclaren53@youtu.be,Accounting Assistant III,Support,7/25/2025,514160,674
185,Cointon,McParland,cmcparland54@cbslocal.com,Executive Secretary,Human Resources,4/16/2025,305697,299
186,Christophorus,Attenburrow,cattenburrow55@phpbb.com,Sales Representative,Sales,9/5/2025,533036,541
187,Yettie,Flecknell,yflecknell56@spiegel.de,Associate Professor,Human Resources,8/22/2025,122214,443
188,Amity,McLeese,amcleese57@bluehost.com,Financial Advisor,Legal,10/22/2024,803215,572
189,Lexine,Jestico,ljestico58@whitehouse.gov,Project Manager,Support,1/2/2025,31751,86
190,Reg,Ord,rord59@senate.gov,VP Sales,Services,5/31/2025,572807,688
191,Sid,Rudland,srudland5a@privacy.gov.au,Compensation Analyst,Research and Development,6/26/2025,255144,288
192,Rayshell,Liquorish,rliquorish5b@wordpress.org,Computer Systems Analyst IV,Engineering,3/20/2025,65887,427
193,Mohandas,Stobbs,mstobbs5c@netscape.com,Budget/Accounting Analyst II,Human Resources,12/4/2024,842941,132
194,Alexis,Nugent,anugent5d@jalbum.net,Physical Therapy Assistant,Services,2/20/2025,151531,907
195,Constantia,Youles,cyoules5e@apple.com,Payment Adjustment Coordinator,Support,2/16/2025,284687,739
196,Ethan,Ramsby,eramsby5f@tinyurl.com,Assistant Professor,Research and Development,1/15/2025,429364,818
197,Carlene,Rikkard,crikkard5g@gravatar.com,Internal Auditor,Sales,1/7/2025,880295,341
198,Sal,Buckler,sbuckler5h@jalbum.net,Quality Engineer,Human Resources,5/20/2025,559564,179
199,Wilden,Hovell,whovell5i@sakura.ne.jp,Administrative Assistant III,Research and Development,10/15/2024,803954,416
200,Maximilian,Sadry,msadry5j@blogs.com,Research Associate,Training,5/6/2025,805779,741
